dataset,edge_homophily,feat_homophily
CoraGraphDataset,0.8099658961727927,0.1676546037197113
CiteseerGraphDataset,0.7390550498482878,0.20150960981845856
PubmedGraphDataset,0.8023936560219287,0.27192118763923645
TexasDataset,0.1076923076923077,0.3832525610923767
WisconsinDataset,0.19611650485436893,0.36295250058174133
CornellDataset,0.13087248322147652,0.34354084730148315
SquirrelDataset,0.2239430974833351,0.01610080525279045
ChameleonDataset,0.23500734051688318,0.01647486351430416
