hidden_dim,model_type,num_epochs,trace_type,sample_rate,dataset_name,weight_decay,learning_rate,exclusion_type,activation_type,num_hidden_layers,best_test_acc,max_test_acc,min_test_acc,mean_test_acc,std_test_acc
128,GCN,200,Feature,1.0,CoraGraphDataset,0.0001,0.001,Largest,Relu,2,0.821,0.808,0.794,0.80191,0.0018606181768433862
128,GCN,300,Feature,1.0,CoraGraphDataset,0.001,0.001,Largest,Relu,2,0.819,0.821,0.807,0.8104300000000001,0.0015313719339206818
64,GCN,300,Feature,1.0,CoraGraphDataset,0.0001,0.001,Largest,Relu,2,0.817,0.808,0.797,0.8020200000000003,0.0014831048513169942
64,GCN,300,Feature,1.0,CoraGraphDataset,0.001,0.001,Largest,Relu,2,0.816,0.822,0.807,0.8101500000000001,0.0019615045245932904
128,GCN,200,Feature,0.875,CoraGraphDataset,0.001,0.001,Largest,Relu,2,0.816,0.7979214780600462,0.7863741339491916,0.789757505773672,0.0019613836167802342
